t,y
0,1.0
0.001,1.0000062841439656
0.002,1.0000188541838742
0.003,1.0000377116237593
0.004,1.000062857719806
0.005,1.0000942934804558
0.006,1.0001320196665202
0.007,1.000176036791307
0.008,1.0002263451207531
0.009000000000000001,1.000282944673569
0.010000000000000002,1.0003458352213928
0.011000000000000003,1.0004150162889531
0.012000000000000004,1.0004904871542435
0.013000000000000005,1.000572246848704
0.014000000000000005,1.000660294157415
0.015000000000000006,1.0007546276192998
0.016000000000000007,1.0008552455273356
0.017000000000000008,1.0009621459287767
0.01800000000000001,1.0010753266253856
0.01900000000000001,1.0011947851736733
0.02000000000000001,1.0013205188851517
0.02100000000000001,1.0014525248265929
0.022000000000000013,1.0015907998202995
0.023000000000000013,1.001735340444385
0.024000000000000014,1.001886143033062
0.025000000000000015,1.0020432036769416
0.026000000000000016,1.0022065182233422
0.027000000000000017,1.0023760822766068
0.028000000000000018,1.0025518911984306
0.02900000000000002,1.0027339401081983
0.03000000000000002,1.0029222238833302
0.03100000000000002,1.0031167371596381
0.03200000000000002,1.0033174743316913
0.03300000000000002,1.0035244295531907
0.03400000000000002,1.0037375967373532
0.035000000000000024,1.0039569695573058
0.036000000000000025,1.0041825414464878
0.037000000000000026,1.0044143055990635
0.03800000000000003,1.0046522549703445
0.03900000000000003,1.0048963822772197
0.04000000000000003,1.0051466799985962
0.04100000000000003,1.0054031403758485
0.04200000000000003,1.005665755413278
0.04300000000000003,1.00593451687858
0.04400000000000003,1.006209416303322
0.04500000000000003,1.006490444983429
0.046000000000000034,1.0067775939796806
0.047000000000000035,1.007070854118214
0.048000000000000036,1.007370215991039
0.04900000000000004,1.0076756699565603
0.05000000000000004,1.00798720614011
0.05100000000000004,1.0083048144344886
0.05200000000000004,1.008628484500514
0.05300000000000004,1.0089582057675819
0.05400000000000004,1.009293967434233
0.05500000000000004,1.0096357584687297
0.05600000000000004,1.0099835676096427
0.057000000000000044,1.010337383366445
0.058000000000000045,1.010697194020116
0.059000000000000045,1.011062987623753
0.060000000000000046,1.011434752003193
0.06100000000000005,1.011812474757643
0.06200000000000005,1.0121961432603177
0.06300000000000004,1.0125857446590878
0.06400000000000004,1.012981265877135
0.06500000000000004,1.0133826936136183
0.06600000000000004,1.0137900143443455
0.06700000000000005,1.0142032143224562
0.06800000000000005,1.0146222795791124
0.06900000000000005,1.0150471959241973
0.07000000000000005,1.0154779489470225
0.07100000000000005,1.0159145240170442
0.07200000000000005,1.0163569062845876
0.07300000000000005,1.01680508068158
0.07400000000000005,1.0172590319222918
0.07500000000000005,1.0177187445040858
0.07600000000000005,1.0181842027081756
0.07700000000000005,1.0186553906003908
0.07800000000000006,1.0191322920319525
0.07900000000000006,1.0196148906402551
0.08000000000000006,1.020103169849657
0.08100000000000006,1.0205971128722797
0.08200000000000006,1.021096702708815
0.08300000000000006,1.0216019221493393
0.08400000000000006,1.0221127537741377
0.08500000000000006,1.0226291799545342
0.08600000000000006,1.0231511828537305
0.08700000000000006,1.0236787444276543
0.08800000000000006,1.0242118464258123
0.08900000000000007,1.0247504703921546
0.09000000000000007,1.0252945976659438
0.09100000000000007,1.0258442093826339
0.09200000000000007,1.0263992864747564
0.09300000000000007,1.0269598096728136
0.09400000000000007,1.0275257595061802
0.09500000000000007,1.0280971163040118
0.09600000000000007,1.0286738601961625
0.09700000000000007,1.0292559711141076
0.09800000000000007,1.0298434287918765
0.09900000000000007,1.0304362127669906
0.10000000000000007,1.0310343023814108
0.10100000000000008,1.0316376767824904
0.10200000000000008,1.0322463149239371
0.10300000000000008,1.032860195566781
0.10400000000000008,1.033479297280351
0.10500000000000008,1.0341035984432565
0.10600000000000008,1.034733077244379
0.10700000000000008,1.0353677116838684
0.10800000000000008,1.0360074795741483
0.10900000000000008,1.0366523585409262
0.11000000000000008,1.0373023260242131
0.11100000000000008,1.0379573592793487
0.11200000000000009,1.038617435378033
0.11300000000000009,1.0392825312093663
0.11400000000000009,1.039952623480895
0.11500000000000009,1.0406276887196642
0.11600000000000009,1.0413077032732778
0.11700000000000009,1.0419926433109648
0.11800000000000009,1.0426824848246512
0.11900000000000009,1.0433772036300413
0.12000000000000009,1.0440767753677023
0.1210000000000001,1.0447811755041578
0.1220000000000001,1.0454903793329868
0.1230000000000001,1.0462043619759291
0.1240000000000001,1.0469230983839977
0.12500000000000008,1.0476465633385965
0.12600000000000008,1.0483747314526453
0.12700000000000009,1.0491075771717107
0.12800000000000009,1.0498450747751429
0.1290000000000001,1.0505871983772193
0.1300000000000001,1.0513339219282933
0.1310000000000001,1.0520852192159502
0.1320000000000001,1.052841063866168
0.1330000000000001,1.0536014293444855
0.1340000000000001,1.054366288957175
0.1350000000000001,1.0551356158524217
0.1360000000000001,1.0559093830215085
0.1370000000000001,1.0566875633000072
0.1380000000000001,1.057470129368974
0.1390000000000001,1.058257053756153
0.1400000000000001,1.0590483088371825
0.1410000000000001,1.0598438668368093
0.1420000000000001,1.0606436998301072
0.1430000000000001,1.0614477797437016
0.1440000000000001,1.062256078356999
0.1450000000000001,1.0630685673034221
0.1460000000000001,1.0638852180716507
0.1470000000000001,1.0647060020068666
0.1480000000000001,1.0655308903120055
0.1490000000000001,1.0663598540490125
0.1500000000000001,1.0671928641401036
0.1510000000000001,1.068029891369032
0.1520000000000001,1.0688709063823594
0.1530000000000001,1.0697158796907322
0.1540000000000001,1.0705647816701633
0.1550000000000001,1.0714175825633174
0.1560000000000001,1.0722742524808024
0.1570000000000001,1.073134761402465
0.1580000000000001,1.0739990791786909
0.1590000000000001,1.0748671755317099
0.16000000000000011,1.0757390200569055
0.16100000000000012,1.0766145822241295
0.16200000000000012,1.07749383137902
0.16300000000000012,1.0783767367443253
0.16400000000000012,1.0792632674212304
0.16500000000000012,1.0801533923906899
0.16600000000000012,1.0810470805147634
0.16700000000000012,1.0819443005379563
0.16800000000000012,1.0828450210885643
0.16900000000000012,1.0837492106800215
0.17000000000000012,1.084656837712254
0.17100000000000012,1.0855678704730363
0.17200000000000013,1.0864822771393512
0.17300000000000013,1.0874000257787562
0.17400000000000013,1.0883210843507503
0.17500000000000013,1.0892454207081468
0.17600000000000013,1.09017300259845
0.17700000000000013,1.0911037976652336
0.17800000000000013,1.0920377734495252
0.17900000000000013,1.0929748973911926
0.18000000000000013,1.0939151368303341
0.18100000000000013,1.094858459008673
0.18200000000000013,1.095804831070954
0.18300000000000013,1.0967542200663454
0.18400000000000014,1.0977065929498409
0.18500000000000014,1.0986619165836686
0.18600000000000014,1.0996201577387006
0.18700000000000014,1.1005812830958666
0.18800000000000014,1.1015452592475707
0.18900000000000014,1.102512052699111
0.19000000000000014,1.1034816298701018
0.19100000000000014,1.1044539570958993
0.19200000000000014,1.1054290006290304
0.19300000000000014,1.106406726640623
0.19400000000000014,1.1073871012218408
0.19500000000000015,1.108370090385319
0.19600000000000015,1.1093556600666041
0.19700000000000015,1.1103437761255954
0.19800000000000015,1.1113344043479894
0.19900000000000015,1.1123275104467263
0.20000000000000015,1.1133230600634394
0.20100000000000015,1.1143210187699062
0.20200000000000015,1.1153213520695027
0.20300000000000015,1.1163240253986588
0.20400000000000015,1.1173290041283173
0.20500000000000015,1.1183362535653927
0.20600000000000016,1.1193457389542352
0.20700000000000016,1.1203574254780937
0.20800000000000016,1.121371278260583
0.20900000000000016,1.1223872623671511
0.21000000000000016,1.1234053428065502
0.21100000000000016,1.1244254845323074
0.21200000000000016,1.125447652444199
0.21300000000000016,1.1264718113897247
0.21400000000000016,1.1274979261655858
0.21500000000000016,1.1285259615191614
0.21600000000000016,1.1295558821499903
0.21700000000000016,1.1305876527112504
0.21800000000000017,1.131621237811242
0.21900000000000017,1.132656602014872
0.22000000000000017,1.1336937098451383
0.22100000000000017,1.1347325257846161
0.22200000000000017,1.1357730142769462
0.22300000000000017,1.1368151397283222
0.22400000000000017,1.137858866508981
0.22500000000000017,1.138904158954693
0.22600000000000017,1.1399509813682538
0.22700000000000017,1.1409992980209753
0.22800000000000017,1.1420490731541804
0.22900000000000018,1.1431002709806952
0.23000000000000018,1.1441528556863445
0.23100000000000018,1.1452067914314465
0.23200000000000018,1.1462620423523087
0.23300000000000018,1.1473185725627228
0.23400000000000018,1.1483763461554635
0.23500000000000018,1.149435327203783
0.23600000000000018,1.1504954797629101
0.23700000000000018,1.151556767871547
0.23800000000000018,1.152619155553367
0.23900000000000018,1.1536826068185124
0.24000000000000019,1.1547470856650934
0.2410000000000002,1.155812556080685
0.2420000000000002,1.1568789820438252
0.2430000000000002,1.157946327525514
0.2440000000000002,1.1590145564907102
0.2450000000000002,1.1600836328998292
0.2460000000000002,1.161153520710241
0.2470000000000002,1.162224183877767
0.2480000000000002,1.163295586358176
0.2490000000000002,1.1643676921086819
0.25000000000000017,1.1654404650894385
0.25100000000000017,1.1665138692650359
0.25200000000000017,1.1675878686059935
0.25300000000000017,1.168662427090256
0.25400000000000017,1.1697375087046853
0.25500000000000017,1.1708130774465546
0.25600000000000017,1.1718890973250387
0.2570000000000002,1.172965532362706
0.2580000000000002,1.1740423465970082
0.2590000000000002,1.1751195040817692
0.2600000000000002,1.1761969688886735
0.2610000000000002,1.1772747051087524
0.2620000000000002,1.1783526768538706
0.2630000000000002,1.1794308482582099
0.2640000000000002,1.1805091834797532
0.2650000000000002,1.181587646701766
0.2660000000000002,1.1826662021342773
0.2670000000000002,1.1837448140155582
0.2680000000000002,1.1848234466136
0.2690000000000002,1.1859020642275904
0.2700000000000002,1.1869806311893871
0.2710000000000002,1.188059111864992
0.2720000000000002,1.1891374706560207
0.2730000000000002,1.1902156720011738
0.2740000000000002,1.191293680377703
0.2750000000000002,1.1923714603028768
0.2760000000000002,1.1934489763354448
0.2770000000000002,1.194526193077099
0.2780000000000002,1.195603075173934
0.2790000000000002,1.196679587317904
0.2800000000000002,1.1977556942482783
0.2810000000000002,1.1988313607530952
0.2820000000000002,1.199906551670612
0.2830000000000002,1.2009812318907542
0.2840000000000002,1.2020553663565618
0.2850000000000002,1.203128920065633
0.2860000000000002,1.2042018580715652
0.2870000000000002,1.2052741454853948
0.2880000000000002,1.2063457474770327
0.2890000000000002,1.207416629276698
0.2900000000000002,1.2084867561763486
0.2910000000000002,1.2095560935311107
0.2920000000000002,1.2106246067607027
0.2930000000000002,1.2116922613508585
0.2940000000000002,1.2127590228547467
0.2950000000000002,1.2138248568943875
0.2960000000000002,1.2148897291620664
0.2970000000000002,1.2159536054217448
0.2980000000000002,1.2170164515104673
0.2990000000000002,1.218078233339766
0.3000000000000002,1.2191389168970617
0.3010000000000002,1.2201984682470617
0.3020000000000002,1.2212568535331545
0.3030000000000002,1.2223140389788003
0.3040000000000002,1.2233699908889195
0.3050000000000002,1.2244246756512762
0.3060000000000002,1.2254780597378594
0.3070000000000002,1.2265301097062598
0.3080000000000002,1.2275807922010435
0.3090000000000002,1.228630073955122
0.3100000000000002,1.2296779217911173
0.3110000000000002,1.2307243026227255
0.3120000000000002,1.2317691834560744
0.3130000000000002,1.2328125313910785
0.3140000000000002,1.2338543136227893
0.3150000000000002,1.2348944974427425
0.3160000000000002,1.2359330502403
0.3170000000000002,1.2369699395039893
0.3180000000000002,1.2380051328228368
0.31900000000000023,1.239038597887699
0.32000000000000023,1.2400703024925888
0.32100000000000023,1.2411002145359962
0.32200000000000023,1.2421283020222065
0.32300000000000023,1.2431545330626135
0.32400000000000023,1.2441788758770276
0.32500000000000023,1.2452012987949805
0.32600000000000023,1.2462217702570249
0.32700000000000023,1.2472402588160292
0.32800000000000024,1.2482567331384686
0.32900000000000024,1.2492711620057109
0.33000000000000024,1.250283514315297
0.33100000000000024,1.2512937590822188
0.33200000000000024,1.2523018654401894
0.33300000000000024,1.2533078026429108
0.33400000000000024,1.2543115400653353
0.33500000000000024,1.255313047204923
0.33600000000000024,1.2563122936828939
0.33700000000000024,1.2573092492454745
0.33800000000000024,1.25830388376514
0.33900000000000025,1.2592961672418512
0.34000000000000025,1.2602860698042864
0.34100000000000025,1.2612735617110675
0.34200000000000025,1.2622586133519818
0.34300000000000025,1.263241195249197
0.34400000000000025,1.2642212780584738
0.34500000000000025,1.2651988325703694
0.34600000000000025,1.2661738297114378
0.34700000000000025,1.267146240545425
0.34800000000000025,1.2681160362744572
0.34900000000000025,1.2690831882402247
0.35000000000000026,1.270047667925159
0.35100000000000026,1.2710094469536062
0.35200000000000026,1.2719684970929923
0.35300000000000026,1.2729247902549852
0.35400000000000026,1.2738782984966486
0.35500000000000026,1.2748289940215922
0.35600000000000026,1.2757768491811152
0.35700000000000026,1.276721836475343
0.35800000000000026,1.27766392855436
0.35900000000000026,1.2786030982193348
0.36000000000000026,1.2795393184236399
0.36100000000000027,1.2804725622739654
0.36200000000000027,1.2814028030314275
0.36300000000000027,1.2823300141126688
0.36400000000000027,1.2832541690909547
0.36500000000000027,1.2841752416972623
0.36600000000000027,1.2850932058213633
0.36700000000000027,1.2860080355129009
0.36800000000000027,1.2869197049824603
0.36900000000000027,1.287828188602633
0.3700000000000003,1.2887334609090741
0.3710000000000003,1.2896354966015542
0.3720000000000003,1.2905342705450038
0.3730000000000003,1.2914297577705522
0.3740000000000003,1.2923219334765594
0.3750000000000003,1.2932107730296412
0.3760000000000003,1.2940962519656878
0.3770000000000003,1.2949783459908768
0.3780000000000003,1.2958570309826782
0.3790000000000003,1.296732282990853
0.3800000000000003,1.2976040782384455
0.3810000000000003,1.298472393122769
0.3820000000000003,1.2993372042163842
0.3830000000000003,1.3001984882680702
0.3840000000000003,1.3010562222037905
0.3850000000000003,1.3019103831276502
0.3860000000000003,1.3027609483228477
0.3870000000000003,1.303607895252618
0.3880000000000003,1.3044512015611704
0.3890000000000003,1.3052908450746186
0.3900000000000003,1.3061268038019032
0.3910000000000003,1.3069590559357083
0.3920000000000003,1.3077875798533702
0.3930000000000003,1.3086123541177792
0.3940000000000003,1.3094333574782733
0.3950000000000003,1.3102505688715267
0.3960000000000003,1.3110639674224294
0.3970000000000003,1.31187353244496
0.3980000000000003,1.312679243443051
0.3990000000000003,1.3134810801114474
0.4000000000000003,1.3142790223365577
0.4010000000000003,1.315073050197297
0.4020000000000003,1.3158631439659232
0.4030000000000003,1.3166492841088662
0.4040000000000003,1.317431451287548
0.4050000000000003,1.3182096263591976
0.4060000000000003,1.3189837903776562
0.4070000000000003,1.319753924594177
0.4080000000000003,1.3205200104582149
0.4090000000000003,1.3212820296182113
0.4100000000000003,1.322039963922369
0.4110000000000003,1.3227937954194215
0.4120000000000003,1.3235435063593926
0.4130000000000003,1.3242890791943496
0.4140000000000003,1.3250304965791486
0.4150000000000003,1.3257677413721722
0.4160000000000003,1.326500796636059
0.4170000000000003,1.3272296456384247
0.4180000000000003,1.3279542718525776
0.4190000000000003,1.3286746589582237
0.4200000000000003,1.3293907908421656
0.4210000000000003,1.330102651598993
0.4220000000000003,1.3308102255317658
0.4230000000000003,1.3315134971526874
0.4240000000000003,1.332212451183773
0.4250000000000003,1.3329070725575076
0.4260000000000003,1.333597346417497
0.4270000000000003,1.3342832581191109
0.4280000000000003,1.3349647932301172
0.4290000000000003,1.335641937531309
0.4300000000000003,1.3363146770171237
0.4310000000000003,1.3369829978962529
0.43200000000000033,1.3376468865922455
0.43300000000000033,1.3383063297441022
0.43400000000000033,1.3389613142068613
0.43500000000000033,1.3396118270521769
0.43600000000000033,1.3402578555688893
0.43700000000000033,1.3408993872635868
0.43800000000000033,1.3415364098611589
0.43900000000000033,1.3421689113053414
0.44000000000000034,1.3427968797592549
0.44100000000000034,1.3434203036059318
0.44200000000000034,1.3440391714488387
0.44300000000000034,1.3446534721123875
0.44400000000000034,1.3452631946424403
0.44500000000000034,1.3458683283068047
0.44600000000000034,1.346468862595721
0.44700000000000034,1.3470647872223425
0.44800000000000034,1.3476560921232044
0.44900000000000034,1.3482427674586879
0.45000000000000034,1.3488248036134731
0.45100000000000035,1.3494021911969858
0.45200000000000035,1.3499749210438332
0.45300000000000035,1.350542984214234
0.45400000000000035,1.3511063719944383
0.45500000000000035,1.3516650758971396
0.45600000000000035,1.3522190876618787
0.45700000000000035,1.3527683992554382
0.45800000000000035,1.3533130028722296
0.45900000000000035,1.353852890934671
0.46000000000000035,1.3543880560935575
0.46100000000000035,1.354918491228422
0.46200000000000035,1.3554441894478875
0.46300000000000036,1.3559651440900118
0.46400000000000036,1.3564813487226233
0.46500000000000036,1.3569927971436473
0.46600000000000036,1.3574994833814258
0.46700000000000036,1.3580014016950268
0.46800000000000036,1.358498546574546
0.46900000000000036,1.3589909127414
0.47000000000000036,1.3594784951486103
0.47100000000000036,1.3599612889810797
0.47200000000000036,1.3604392896558593
0.47300000000000036,1.3609124928224074
0.47400000000000037,1.3613808943628396
0.47500000000000037,1.3618444903921705
0.47600000000000037,1.3623032772585464
0.47700000000000037,1.36275725154347
0.47800000000000037,1.3632064100620163
0.47900000000000037,1.3636507498630397
0.48000000000000037,1.3640902682293725
0.48100000000000037,1.3645249626780152
0.4820000000000004,1.3649548309603179
0.4830000000000004,1.365379871062153
0.4840000000000004,1.3658000812040798
0.4850000000000004,1.3662154598414995
0.4860000000000004,1.366626005664803
0.4870000000000004,1.3670317175995086
0.4880000000000004,1.3674325948063926
0.4890000000000004,1.3678286366816097
0.4900000000000004,1.3682198428568062
0.4910000000000004,1.368606213199224
0.4920000000000004,1.3689877478117958
0.4930000000000004,1.3693644470332316
0.4940000000000004,1.3697363114380976
0.4950000000000004,1.3701033418368858
0.4960000000000004,1.3704655392760745
0.4970000000000004,1.370822905038181
0.4980000000000004,1.3711754406418055
0.4990000000000004,1.3715231478416663
0.5000000000000003,1.3718660286286266
0.5010000000000003,1.3722040852297128
0.5020000000000003,1.3725373201081237
0.5030000000000003,1.3728657359632315
0.5040000000000003,1.3731893357305747
0.5050000000000003,1.3735081225818413
0.5060000000000003,1.3738220999248447
0.5070000000000003,1.3741312714034903
0.5080000000000003,1.374435640897734
0.5090000000000003,1.3747352125235315
0.5100000000000003,1.3750299906327796
0.5110000000000003,1.3753199798132492
0.5120000000000003,1.3756051848885094
0.5130000000000003,1.3758856109178432
0.5140000000000003,1.3761612631961546
0.5150000000000003,1.3764321472538672
0.5160000000000003,1.3766982688568152
0.5170000000000003,1.3769596340061245
0.5180000000000003,1.3772162489380861
0.5190000000000003,1.3774681201240215
0.5200000000000004,1.3777152542701387
0.5210000000000004,1.3779576583173807
0.5220000000000004,1.378195339441265
0.5230000000000004,1.3784283050517148
0.5240000000000004,1.378656562792882
0.5250000000000004,1.3788801205429615
0.5260000000000004,1.379098986413998
0.5270000000000004,1.379313168751683
0.5280000000000004,1.3795226761351451
0.5290000000000004,1.3797275173767303
0.5300000000000004,1.3799277015217757
0.5310000000000004,1.3801232378483737
0.5320000000000004,1.380314135867128
0.5330000000000004,1.3805004053209025
0.5340000000000004,1.38068205618456
0.5350000000000004,1.380859098664695
0.5360000000000004,1.3810315431993556
0.5370000000000004,1.38119940045776
0.5380000000000004,1.3813626813400022
0.5390000000000004,1.3815213969767524
0.5400000000000004,1.381675558728946
0.5410000000000004,1.3818251781874669
0.5420000000000004,1.381970267172822
0.5430000000000004,1.3821108377348073
0.5440000000000004,1.3822469021521657
0.5450000000000004,1.3823784729322381
0.5460000000000004,1.3825055628106049
0.5470000000000004,1.3826281847507196
0.5480000000000004,1.382746351943536
0.5490000000000004,1.3828600778071252
0.5500000000000004,1.3829693759862869
0.5510000000000004,1.3830742603521504
0.5520000000000004,1.3831747450017695
0.5530000000000004,1.3832708442577089
0.5540000000000004,1.383362572667622
0.5550000000000004,1.3834499450038227
0.5560000000000004,1.3835329762628468
0.5570000000000004,1.3836116816650081
0.5580000000000004,1.383686076653945
0.5590000000000004,1.3837561768961593
0.5600000000000004,1.3838219982805493
0.5610000000000004,1.3838835569179324
0.5620000000000004,1.3839408691405617
0.5630000000000004,1.3839939515016348
0.5640000000000004,1.3840428207747946
0.5650000000000004,1.3840874939536216
0.5660000000000004,1.384127988251121
0.5670000000000004,1.3841643210991996
0.5680000000000004,1.3841965101481366
0.5690000000000004,1.384224573266047
0.5700000000000004,1.3842485285383361
0.5710000000000004,1.3842683942671483
0.5720000000000004,1.3842841889708073
0.5730000000000004,1.384295931383249
0.5740000000000004,1.3843036404534474
0.5750000000000004,1.3843073353448327
0.5760000000000004,1.3843070354347027
0.5770000000000004,1.3843027603136255
0.5780000000000004,1.3842945297848368
0.5790000000000004,1.3842823638636284
0.5800000000000004,1.3842662827767303
0.5810000000000004,1.3842463069616853
0.5820000000000004,1.3842224570662163
0.5830000000000004,1.3841947539475865
0.5840000000000004,1.384163218671953
0.5850000000000004,1.3841278725137127
0.5860000000000004,1.384088736954841
0.5870000000000004,1.384045833684224
0.5880000000000004,1.3839991845969841
0.5890000000000004,1.383948811793797
0.5900000000000004,1.3838947375802035
0.5910000000000004,1.3838369844659135
0.5920000000000004,1.3837755751641032
0.5930000000000004,1.3837105325907058
0.5940000000000004,1.3836418798636947
0.5950000000000004,1.3835696403023614
0.5960000000000004,1.3834938374265844
0.5970000000000004,1.3834144949560931
0.5980000000000004,1.3833316368097253
0.5990000000000004,1.3832452871046756
0.6000000000000004,1.383155470155741
0.6010000000000004,1.3830622104745556
0.6020000000000004,1.3829655327688228
0.6030000000000004,1.3828654619415384
0.6040000000000004,1.3827620230902073
0.6050000000000004,1.382655241506056
0.6060000000000004,1.3825451426732354
0.6070000000000004,1.38243175226802
0.6080000000000004,1.3823150961579997
0.6090000000000004,1.3821952004012648
0.6100000000000004,1.3820720912455853
0.6110000000000004,1.3819457951275846
0.6120000000000004,1.3818163386719056
0.6130000000000004,1.381683748690371
0.6140000000000004,1.3815480521811394
0.6150000000000004,1.381409276327852
0.6160000000000004,1.3812674484987761
0.6170000000000004,1.381122596245941
0.6180000000000004,1.3809747473042686
0.6190000000000004,1.380823929590698
0.6200000000000004,1.380670171203304
0.6210000000000004,1.3805135004204097
0.6220000000000004,1.3803539456996936
0.6230000000000004,1.3801915356772907
0.6240000000000004,1.3800262991668877
0.6250000000000004,1.3798582651588132
0.6260000000000004,1.3796874628191211
0.6270000000000004,1.37951392148867
0.6280000000000004,1.3793376706821945
0.6290000000000004,1.3791587400873737
0.6300000000000004,1.3789771595638929
0.6310000000000004,1.3787929591424994
0.6320000000000005,1.3786061690240539
0.6330000000000005,1.378416819578575
0.6340000000000005,1.3782249413442815
0.6350000000000005,1.3780305650266247
0.6360000000000005,1.3778337214973195
0.6370000000000005,1.377634441793369
0.6380000000000005,1.377432757116083
0.6390000000000005,1.377228698830092
0.6400000000000005,1.377022298462357
0.6410000000000005,1.376813587701173
0.6420000000000005,1.376602598395167
0.6430000000000005,1.3763893625522943
0.6440000000000005,1.3761739123388252
0.6450000000000005,1.3759562800783303
0.6460000000000005,1.3757364982506597
0.6470000000000005,1.3755145994909173
0.6480000000000005,1.375290616588431
0.6490000000000005,1.3750645824857177
0.6500000000000005,1.374836530277443
0.6510000000000005,1.374606493209378
0.6520000000000005,1.3743745046773501
0.6530000000000005,1.3741405982261896
0.6540000000000005,1.3739048075486722
0.6550000000000005,1.3736671664844562
0.6560000000000005,1.3734277090190166
0.6570000000000005,1.3731864692825737
0.6580000000000005,1.372943481549018
0.6590000000000005,1.3726987802348305
0.6600000000000005,1.3724523998979987
0.6610000000000005,1.3722043752369295
0.6620000000000005,1.3719547410893562
0.6630000000000005,1.3717035324312428
0.6640000000000005,1.371450784375684
0.6650000000000005,1.3711965321718007
0.6660000000000005,1.3709408112036319
0.6670000000000005,1.370683656989023
0.6680000000000005,1.37042510517851
0.6690000000000005,1.3701651915541988
0.6700000000000005,1.3699039520286436
0.6710000000000005,1.3696414226437184
0.6720000000000005,1.3693776395694865
0.6730000000000005,1.3691126391030666
0.6740000000000005,1.3688464576674941
0.6750000000000005,1.3685791318105804
0.6760000000000005,1.3683106982037674
0.6770000000000005,1.368041193640979
0.6780000000000005,1.3677706550374704
0.6790000000000005,1.3674991194286714
0.6800000000000005,1.3672266239690292
0.6810000000000005,1.3669532059308465
0.6820000000000005,1.3666789027031168
0.6830000000000005,1.3664037517903562
0.6840000000000005,1.3661277908114329
0.6850000000000005,1.3658510574983924
0.6860000000000005,1.365573589695281
0.6870000000000005,1.3652954253569658
0.6880000000000005,1.3650166025479515
0.6890000000000005,1.364737159441195
0.6900000000000005,1.3644571343169167
0.6910000000000005,1.3641765655614093
0.6920000000000005,1.3638954916658437
0.6930000000000005,1.3636139512250725
0.6940000000000005,1.3633319829364308
0.6950000000000005,1.3630496255985345
0.6960000000000005,1.3627669181100757
0.6970000000000005,1.362483899468616
0.6980000000000005,1.3622006087693779
0.6990000000000005,1.361917085204033
0.7000000000000005,1.3616333680594879
0.7010000000000005,1.3613494967166684
0.7020000000000005,1.3610655106493017
0.7030000000000005,1.3607814494226953
0.7040000000000005,1.360497352692515
0.7050000000000005,1.3602132602035601
0.7060000000000005,1.3599292117885369
0.7070000000000005,1.3596452473668301
0.7080000000000005,1.359361406943273
0.7090000000000005,1.3590777306069142
0.7100000000000005,1.3587942585297845
0.7110000000000005,1.3585110309656607
0.7120000000000005,1.358228088248828
0.7130000000000005,1.357945470792841
0.7140000000000005,1.3576632190892826
0.7150000000000005,1.3573813737065228
0.7160000000000005,1.3570999752884736
0.7170000000000005,1.3568190645533442
0.7180000000000005,1.3565386822923948
0.7190000000000005,1.3562588693686881
0.7200000000000005,1.3559796667158401
0.7210000000000005,1.35570111533677
0.7220000000000005,1.355423256302448
0.7230000000000005,1.3551461307506427
0.7240000000000005,1.3548697798846672
0.7250000000000005,1.354594244972124
0.7260000000000005,1.354319567343649
0.7270000000000005,1.354045788391655
0.7280000000000005,1.3537729495690733
0.7290000000000005,1.3535010923880957
0.7300000000000005,1.3532302584189149
0.7310000000000005,1.3529604892884641
0.7320000000000005,1.3526918266791566
0.7330000000000005,1.3524243123276243
0.7340000000000005,1.3521579880234553
0.7350000000000005,1.3518928956079321
0.7360000000000005,1.3516290769727681
0.7370000000000005,1.3513665740588443
0.7380000000000005,1.3511054288549453
0.7390000000000005,1.350845683396496
0.7400000000000005,1.3505873797642955
0.7410000000000005,1.350330560083255
0.7420000000000005,1.3500752665211306
0.7430000000000005,1.3498215412872603
0.7440000000000005,1.3495694266312976
0.7450000000000006,1.349318964841948
0.7460000000000006,1.3490701982457025
0.7470000000000006,1.3488231692055745
0.7480000000000006,1.348577920119834
0.7490000000000006,1.348334493420743
0.7500000000000006,1.3480929315732924
0.7510000000000006,1.3478532770739364
0.7520000000000006,1.347615572449331
0.7530000000000006,1.347379860255069
0.7540000000000006,1.3471461830744185
0.7550000000000006,1.3469145835170597
0.7560000000000006,1.346685104217824
0.7570000000000006,1.346457787835433
0.7580000000000006,1.3462326770512367
0.7590000000000006,1.3460098145679562
0.7600000000000006,1.3457892431084224
0.7610000000000006,1.3455710054143193
0.7620000000000006,1.3453551442449265
0.7630000000000006,1.3451417023758625
0.7640000000000006,1.3449307225978293
0.7650000000000006,1.3447222477153586
0.7660000000000006,1.344516320545558
0.7670000000000006,1.3443129839168584
0.7680000000000006,1.3441122806677641
0.7690000000000006,1.3439142536456024
0.7700000000000006,1.3437189457052743
0.7710000000000006,1.3435263997080087
0.7720000000000006,1.3433366585201156
0.7730000000000006,1.3431497650117419
0.7740000000000006,1.3429657620556281
0.7750000000000006,1.3427846925258677
0.7760000000000006,1.3426065992966663
0.7770000000000006,1.342431525241104
0.7780000000000006,1.342259513229899
0.7790000000000006,1.3420906061301716
0.7800000000000006,1.3419248468042124
0.7810000000000006,1.3417622781082506
0.7820000000000006,1.3416029428912242
0.7830000000000006,1.341446883993553
0.7840000000000006,1.3412941442459128
0.7850000000000006,1.3411447664680118
0.7860000000000006,1.3409987934673702
0.7870000000000006,1.340856268038099
0.7880000000000006,1.340717232959685
0.7890000000000006,1.3405817309957742
0.7900000000000006,1.34044980489296
0.7910000000000006,1.340321497379573
0.7920000000000006,1.340196851164472
0.7930000000000006,1.3400759089358398
0.7940000000000006,1.3399587133599795
0.7950000000000006,1.339845307080114
0.7960000000000006,1.3397357327151875
0.7970000000000006,1.339630032858671
0.7980000000000006,1.3395282500773689
0.7990000000000006,1.3394304269102293
0.8000000000000006,1.3393366058671567
0.8010000000000006,1.3392468294278275
0.8020000000000006,1.3391611400405081
0.8030000000000006,1.3390795801208768
0.8040000000000006,1.3390021920508473
0.8050000000000006,1.3389290181773967
0.8060000000000006,1.3388601008113956
0.8070000000000006,1.3387954822264407
0.8080000000000006,1.3387352046576924
0.8090000000000006,1.3386793103007137
0.8100000000000006,1.3386278413103139
0.8110000000000006,1.3385808397993937
0.8120000000000006,1.338538347837796
0.8130000000000006,1.3385004074511577
0.8140000000000006,1.3384670606197673
0.8150000000000006,1.3384383492774234
0.8160000000000006,1.338414315310299
0.8170000000000006,1.3383950005558076
0.8180000000000006,1.3383804468014746
0.8190000000000006,1.3383706957838104
0.8200000000000006,1.3383657891871894
0.8210000000000006,1.3383657686427308
0.8220000000000006,1.338370675727184
0.8230000000000006,1.3383805519618184
0.8240000000000006,1.338395438811316
0.8250000000000006,1.3384153776826686
0.8260000000000006,1.338440409924079
0.8270000000000006,1.3384705768238654
0.8280000000000006,1.3385059196093716
0.8290000000000006,1.3385464794458792
0.8300000000000006,1.3385922974355255
0.8310000000000006,1.338643414616225
0.8320000000000006,1.3386998719605947
0.8330000000000006,1.338761710374885
0.8340000000000006,1.3388289706979137
0.8350000000000006,1.3389016937000047
0.8360000000000006,1.3389799200819312
0.8370000000000006,1.3390636904738638
0.8380000000000006,1.3391530454343221
0.8390000000000006,1.3392480254491321
0.8400000000000006,1.339348670930387
0.8410000000000006,1.3394550222154131
0.8420000000000006,1.3395671195657408
0.8430000000000006,1.3396850031660799
0.8440000000000006,1.3398087131232994
0.8450000000000006,1.3399382894654128
0.8460000000000006,1.3400737721405673
0.8470000000000006,1.3402152010160395
0.8480000000000006,1.3403626158772337
0.8490000000000006,1.3405160564266876
0.8500000000000006,1.3406755622830808
0.8510000000000006,1.3408411729802507
0.8520000000000006,1.3410129279662109
0.8530000000000006,1.3411908666021768
0.8540000000000006,1.3413750281615957
0.8550000000000006,1.3415654518291817
0.8560000000000006,1.3417621766999566
0.8570000000000007,1.341965241778295
0.8580000000000007,1.3421746859769765
0.8590000000000007,1.3423905481162413
0.8600000000000007,1.3426128669228523
0.8610000000000007,1.342841681029163
0.8620000000000007,1.3430770289721903
0.8630000000000007,1.3433189491926922
0.8640000000000007,1.3435674800342527
0.8650000000000007,1.343822659742371
0.8660000000000007,1.3440845264635566
0.8670000000000007,1.3443531182444308
0.8680000000000007,1.3446284730308329
0.8690000000000007,1.3449106286669328
0.8700000000000007,1.3451996228943495
0.8710000000000007,1.3454954933512746
0.8720000000000007,1.345798277571603
0.8730000000000007,1.3461080129840686
0.8740000000000007,1.3464247369113855
0.8750000000000007,1.3467484865693968
0.8760000000000007,1.3470792990662277
0.8770000000000007,1.3474172114014458
0.8780000000000007,1.347762260465227
0.8790000000000007,1.3481144830375278
0.8800000000000007,1.3484739157872634
0.8810000000000007,1.3488405952714924
0.8820000000000007,1.3492145579346073
0.8830000000000007,1.349595840107532
0.8840000000000007,1.349984478006925
0.8850000000000007,1.3503805077343882
0.8860000000000007,1.3507839652756848
0.8870000000000007,1.35119488649996
0.8880000000000007,1.3516133071589707
0.8890000000000007,1.3520392628863214
0.8900000000000007,1.352472789196705
0.8910000000000007,1.3529139214851522
0.8920000000000007,1.353362695026286
0.8930000000000007,1.353819144973584
0.8940000000000007,1.3542833063586457
0.8950000000000007,1.3547552140904686
0.8960000000000007,1.3552349029547293
0.8970000000000007,1.3557224076130718
0.8980000000000007,1.3562177626024032
0.8990000000000007,1.3567210023341951
0.9000000000000007,1.3572321610937934
0.9010000000000007,1.357751273039733
0.9020000000000007,1.358278372203061
0.9030000000000007,1.3588134924866662
0.9040000000000007,1.3593566676646154
0.9050000000000007,1.3599079313814972
0.9060000000000007,1.3604673171517725
0.9070000000000007,1.3610348583591316
0.9080000000000007,1.3616105882558596
0.9090000000000007,1.3621945399622073
0.9100000000000007,1.362786746465771
0.9110000000000007,1.363387240620878
0.9120000000000007,1.3639960551479797
0.9130000000000007,1.3646132226330527
0.9140000000000007,1.365238775527006
0.9150000000000007,1.3658727461450961
0.9160000000000007,1.36651516666635
0.9170000000000007,1.3671660691329934
0.9180000000000007,1.3678254854498892
0.9190000000000007,1.368493447383981
0.9200000000000007,1.369169986563745
0.9210000000000007,1.3698551344786498
0.9220000000000007,1.3705489224786227
0.9230000000000007,1.3712513817735235
0.9240000000000007,1.371962543432627
0.9250000000000007,1.372682438384112
0.9260000000000007,1.373411097414558
0.9270000000000007,1.3741485511684493
0.9280000000000007,1.3748948301476878
0.9290000000000007,1.3756499647111122
0.9300000000000007,1.3764139850740258
0.9310000000000007,1.3771869213077308
0.9320000000000007,1.3779688033390716
0.9330000000000007,1.378759660949985
0.9340000000000007,1.379559523777059
0.9350000000000007,1.3803684213110983
0.9360000000000007,1.3811863828966982
0.9370000000000007,1.3820134377318263
0.9380000000000007,1.3828496148674123
0.9390000000000007,1.383694943206945
0.9400000000000007,1.3845494515060779
0.9410000000000007,1.3854131683722424
0.9420000000000007,1.3862861222642686
0.9430000000000007,1.3871683414920148
0.9440000000000007,1.388059854216004
0.9450000000000007,1.38896068844707
0.9460000000000007,1.3898708720460093
0.9470000000000007,1.3907904327232432
0.9480000000000007,1.391719398038486
0.9490000000000007,1.3926577954004236
0.9500000000000007,1.3936056520663975
0.9510000000000007,1.3945629951420992
0.9520000000000007,1.3955298515812715
0.9530000000000007,1.396506248185418
0.9540000000000007,1.3974922116035216
0.9550000000000007,1.39848776833177
0.9560000000000007,1.3994929447132907
0.9570000000000007,1.400507766937893
0.9580000000000007,1.401532261041819
0.9590000000000007,1.4025664529075028
0.9600000000000007,1.4036103682633376
0.9610000000000007,1.4046640326834512
0.9620000000000007,1.4057274715874901
0.9630000000000007,1.406800710240412
0.9640000000000007,1.4078837737522862
0.9650000000000007,1.4089766870781022
0.9660000000000007,1.4100794750175871
0.9670000000000007,1.411192162215032
0.9680000000000007,1.412314773159125
0.9690000000000007,1.4134473321827945
0.9700000000000008,1.4145898634630596
0.9710000000000008,1.41574239102089
0.9720000000000008,1.416904938721073
0.9730000000000008,1.4180775302720907
0.9740000000000008,1.4192601892260042
0.9750000000000008,1.420452938978347
0.9760000000000008,1.4216558027680264
0.9770000000000008,1.4228688036772346
0.9780000000000008,1.4240919646313663
0.9790000000000008,1.4253253083989472
0.9800000000000008,1.4265688575915694
0.9810000000000008,1.4278226346638352
0.9820000000000008,1.4290866619133114
0.9830000000000008,1.4303609614804897
0.9840000000000008,1.4316455553487577
0.9850000000000008,1.4329404653443774
0.9860000000000008,1.4342457131364725
0.9870000000000008,1.4355613202370248
0.9880000000000008,1.4368873080008784
0.9890000000000008,1.4382236976257532
0.9900000000000008,1.439570510152267
0.9910000000000008,1.4409277664639657
0.9920000000000008,1.4422954872873635
0.9930000000000008,1.4436736931919898
0.9940000000000008,1.4450624045904465
0.9950000000000008,1.446461641738473
0.9960000000000008,1.4478714247350206
0.9970000000000008,1.4492917735223347
0.9980000000000008,1.4507227078860467
0.9990000000000008,1.452164247455274
1.0000000000000007,1.4536164117027293
1.0010000000000006,1.4550792199448375
1.0020000000000004,1.4565526913418623
1.0030000000000003,1.4580368448980419
1.0040000000000002,1.459531699461732
1.0050000000000001,1.461037273725559
1.006,1.462553586226581
1.007,1.4640806553464585
1.0079999999999998,1.4656184993116321
1.0089999999999997,1.467167136193512
1.0099999999999996,1.4687265839086723
1.0109999999999995,1.470296860219058
1.0119999999999993,1.4718779827321982
1.0129999999999992,1.4734699689014286
1.0139999999999991,1.4750728360261238
1.014999999999999,1.4766866012519373
1.015999999999999,1.4783112815710504
1.0169999999999988,1.4799468938224305
1.0179999999999987,1.4815934546920977
1.0189999999999986,1.4832509807134
1.0199999999999985,1.4849194882672985
1.0209999999999984,1.4865989935826596
1.0219999999999982,1.4882895127365574
1.0229999999999981,1.4899910616545844
1.023999999999998,1.4917036561111707
1.024999999999998,1.4934273117299128
1.0259999999999978,1.4951620439839104
1.0269999999999977,1.496907868196112
1.0279999999999976,1.4986647995396711
1.0289999999999975,1.5004328530383075
1.0299999999999974,1.5022120435666815
1.0309999999999973,1.504002385850774
1.0319999999999971,1.5058038944682768
1.032999999999997,1.507616583848991
1.033999999999997,1.5094404682752347
1.0349999999999968,1.5112755618822593
1.0359999999999967,1.5131218786586746
1.0369999999999966,1.5149794324468826
1.0379999999999965,1.5168482369435197
1.0389999999999964,1.5187283056999086
1.0399999999999963,1.5206196521225184
1.0409999999999962,1.5225222894734336
1.041999999999996,1.5244362308708312
1.042999999999996,1.5263614892894681
1.0439999999999958,1.5282980775611756
1.0449999999999957,1.5302460083753635
1.0459999999999956,1.532205294279533
1.0469999999999955,1.534175947679798
1.0479999999999954,1.5361579808414156
1.0489999999999953,1.5381514058893242
1.0499999999999952,1.5401562348086921
1.050999999999995,1.5421724794454732
1.051999999999995,1.5442001515069725
1.0529999999999948,1.5462392625624197
1.0539999999999947,1.5482898240435514
1.0549999999999946,1.5503518472452027
1.0559999999999945,1.5524253433259068
1.0569999999999944,1.5545103233085036
1.0579999999999943,1.5566067980807567
1.0589999999999942,1.5587147783959796
1.059999999999994,1.5608342748736699
1.060999999999994,1.5629652980001527
1.0619999999999938,1.5651078581292321
1.0629999999999937,1.567261965482852
1.0639999999999936,1.5694276301517642
1.0649999999999935,1.5716048620962078
1.0659999999999934,1.5737936711465936
1.0669999999999933,1.5759940670041999
1.0679999999999932,1.5782060592418756
1.068999999999993,1.5804296573047527
1.069999999999993,1.5826648705109658
1.0709999999999928,1.5849117080523825
1.0719999999999927,1.5871701789953399
1.0729999999999926,1.5894402922813913
1.0739999999999925,1.5917220567280608
1.0749999999999924,1.5940154810296066
1.0759999999999923,1.5963205737577926
1.0769999999999922,1.5986373433626682
1.077999999999992,1.6009657981733576
1.078999999999992,1.6033059463988566
1.0799999999999919,1.6056577961288379
1.0809999999999917,1.6080213553344653
1.0819999999999916,1.6103966318692162
1.0829999999999915,1.612783633469712
1.0839999999999914,1.6151823677565582
1.0849999999999913,1.6175928422351906
1.0859999999999912,1.6200150642967328
1.086999999999991,1.6224490412188595
1.087999999999991,1.6248947801666693
1.0889999999999909,1.627352288193566
1.0899999999999908,1.6298215722421476
1.0909999999999906,1.6323026391451043
1.0919999999999905,1.6347954956261241
1.0929999999999904,1.6373001483008067
1.0939999999999903,1.6398166036775865
1.0949999999999902,1.642344868158663
1.09599999999999,1.6448849480409398
1.09699999999999,1.6474368495169713
1.0979999999999899,1.6500005786759186
1.0989999999999898,1.6525761415045126
1.0999999999999897,1.6551635438880254
1.1009999999999895,1.657762791611251
1.1019999999999894,1.6603738903594922
1.1029999999999893,1.6629968457195576
1.1039999999999892,1.6656316631807646
1.104999999999989,1.6682783481359529
1.105999999999989,1.6709369058825037
1.1069999999999889,1.6736073416233685
1.1079999999999888,1.676289660468106
1.1089999999999887,1.678983867433925
1.1099999999999886,1.681689967446739
1.1109999999999884,1.6844079653422241
1.1119999999999883,1.6871378658668896
1.1129999999999882,1.6898796736791524
1.113999999999988,1.6926333933504223
1.114999999999988,1.695399029366194
1.115999999999988,1.6981765861271465
1.1169999999999878,1.7009660679502514
1.1179999999999877,1.703767479069889
1.1189999999999876,1.7065808236389708
1.1199999999999875,1.709406105730072
1.1209999999999873,1.71224332933657
1.1219999999999872,1.7150924983737912
1.1229999999999871,1.717953616680166
1.123999999999987,1.7208266880183918
1.124999999999987,1.7237117160766016
1.1259999999999868,1.726608704469543
1.1269999999999867,1.7295176567397639
1.1279999999999866,1.7324385763588048
1.1289999999999865,1.7353714667284004
1.1299999999999863,1.7383163311816872
1.1309999999999862,1.7412731729844202
1.1319999999999861,1.7442419953361967
1.132999999999986,1.7472228013716864
1.133999999999986,1.7502155941618711
1.1349999999999858,1.7532203767152907
1.1359999999999857,1.7562371519792963
1.1369999999999856,1.7592659228413121
1.1379999999999855,1.7623066921301036
1.1389999999999854,1.7653594626170537
1.1399999999999852,1.7684242370174466
1.1409999999999851,1.7715010179917576
1.141999999999985,1.7745898081469527
1.142999999999985,1.777690610037793
1.1439999999999848,1.7808034261681478
1.1449999999999847,1.7839282589923156
1.1459999999999846,1.78706511091635
1.1469999999999845,1.790213984299396
1.1479999999999844,1.793374881455031
1.1489999999999843,1.7965478046526138
1.1499999999999841,1.7997327561186416
1.150999999999984,1.8029297380381133
1.151999999999984,1.8061387525558996
1.1529999999999838,1.8093598017781216
1.1539999999999837,1.8125928877735347
1.1549999999999836,1.8158380125749212
1.1559999999999835,1.8190951781804892
1.1569999999999834,1.8223643865552783
1.1579999999999833,1.825645639632573
1.1589999999999832,1.8289389393153224
1.159999999999983,1.8322442874775668
1.160999999999983,1.8355616859658728
1.1619999999999828,1.8388911366007725
1.1629999999999827,1.8422326411782126
1.1639999999999826,1.8455862014710078
1.1649999999999825,1.8489518192303032
1.1659999999999824,1.8523294961870413
1.1669999999999823,1.8557192340534383
1.1679999999999822,1.859121034524465
1.168999999999982,1.8625348992793356
1.169999999999982,1.8659608299830028
1.1709999999999818,1.86939882828766
1.1719999999999817,1.8728488958342493
1.1729999999999816,1.876311034253978
1.1739999999999815,1.8797852451698387
1.1749999999999814,1.8832715301981395
1.1759999999999813,1.8867698909500379
1.1769999999999812,1.890280329033083
1.177999999999981,1.8938028460527632
1.178999999999981,1.8973374436140613
1.1799999999999808,1.9008841233230154
1.1809999999999807,1.9044428867882865
1.1819999999999806,1.9080137356227327
1.1829999999999805,1.911596671444989
1.1839999999999804,1.915191695881055
1.1849999999999803,1.9187988105658875
1.1859999999999802,1.922418017145
1.18699999999998,1.9260493172760689
1.18799999999998,1.9296927126305448
1.1889999999999799,1.9333482048952721
1.1899999999999797,1.9370157957741125
1.1909999999999796,1.940695486989576
1.1919999999999795,1.9443872802844584
1.1929999999999794,1.948091177423484
1.1939999999999793,1.951807180194955
1.1949999999999792,1.955535290412407
1.195999999999979,1.9592755099162704
1.196999999999979,1.9630278405755377
1.1979999999999789,1.9667922842894376
1.1989999999999787,1.9705688429891146
1.1999999999999786,1.9743575186393139
1.2009999999999785,1.9781583132400737
1.2019999999999784,1.9819712288284228
1.2029999999999783,1.985796267480083
1.2039999999999782,1.9896334313111796
1.204999999999978,1.993482722479956
1.205999999999978,1.9973441431884948
1.2069999999999779,2.0012176956844447
1.2079999999999778,2.005103382262753
1.2089999999999776,2.0090012052674044
1.2099999999999775,2.012911167093165
1.2109999999999774,2.0168332701873317
1.2119999999999773,2.0207675170514885
1.2129999999999772,2.024713910243267
1.213999999999977,2.0286724523781143
1.214999999999977,2.032643146131065
1.2159999999999769,2.0366259942385185
1.2169999999999768,2.0406209995000246
1.2179999999999767,2.044628164780071
1.2189999999999765,2.0486474930098786
1.2199999999999764,2.052678987189203
1.2209999999999763,2.056722650388138
1.2219999999999762,2.0607784857489295
1.222999999999976,2.0648464964877893
1.223999999999976,2.0689266858967192
1.2249999999999759,2.073019057345338
1.2259999999999758,2.0771236142827143
1.2269999999999757,2.0812403602392044
1.2279999999999756,2.085369298828296
1.2289999999999754,2.089510433748457
1.2299999999999753,2.0936637687849893
1.2309999999999752,2.097829307811889
1.2319999999999751,2.102007054793709
1.232999999999975,2.106197013787431
1.233999999999975,2.110399188944339
1.2349999999999748,2.1146135845118996
1.2359999999999747,2.118840204835647
1.2369999999999746,2.123079054361074
1.2379999999999745,2.1273301376355267
1.2389999999999743,2.131593459310105
1.2399999999999742,2.1358690241415683
1.2409999999999741,2.140156836994246
1.241999999999974,2.144456902841953
1.242999999999974,2.14876922676991
1.2439999999999738,2.1530938139766693
1.2449999999999737,2.157430669776044
1.2459999999999736,2.1617797995990453
1.2469999999999735,2.1661412089958207
1.2479999999999734,2.1705149036376
1.2489999999999732,2.174900889318646
1.2499999999999731,2.179299171958206
1.250999999999973,2.1837097576024758
1.251999999999973,2.1881326524265603
1.2529999999999728,2.1925678627364444
1.2539999999999727,2.1970153949709665
1.2549999999999726,2.201475255703796
1.2559999999999725,2.2059474516454185
1.2569999999999724,2.210431989645121
1.2579999999999723,2.214928876692988
1.2589999999999721,2.2194381199218944
1.259999999999972,2.2239597266095106
1.260999999999972,2.2284937041803077
1.2619999999999718,2.2330400602075686
1.2629999999999717,2.2375988024154037
1.2639999999999716,2.2421699386807705
1.2649999999999715,2.246753477035499
1.2659999999999714,2.25134942566832
1.2669999999999713,2.2559577929268984
1.2679999999999712,2.260578587319873
1.268999999999971,2.2652118175188978
1.269999999999971,2.2698574923606882
1.2709999999999708,2.2745156208490744
1.2719999999999707,2.2791862121570547
1.2729999999999706,2.283869275628858
1.2739999999999705,2.2885648207820064
1.2749999999999704,2.2932728573093852
1.2759999999999703,2.2979933950813156
1.2769999999999702,2.302726444147632
1.27799999999997,2.3074720147397643
1.27899999999997,2.3122301172728235
1.2799999999999698,2.317000762347692
1.2809999999999697,2.321783960753118
1.2819999999999696,2.3265797234678147
1.2829999999999695,2.3313880616625635
1.2839999999999694,2.33620898670232
1.2849999999999693,2.341042510148326
1.2859999999999692,2.345888643760226
1.286999999999969,2.3507473994981845
1.287999999999969,2.3556187895250122
1.2889999999999688,2.3605028262082928
1.2899999999999687,2.3653995221225146
1.2909999999999686,2.3703088900512075
1.2919999999999685,2.375230942989083
1.2929999999999684,2.380165694144178
1.2939999999999683,2.385113156940004
1.2949999999999682,2.390073345017698
1.295999999999968,2.3950462722381807
1.296999999999968,2.400031952684315
1.2979999999999678,2.4050304006630716
1.2989999999999677,2.410041630707698
1.2999999999999676,2.415065657579889
1.3009999999999675,2.4201024962719644
1.3019999999999674,2.425152162009049
1.3029999999999673,2.430214670251257
1.3039999999999672,2.43529003669588
1.304999999999967,2.440378277279578
1.305999999999967,2.4454794081805775
1.3069999999999669,2.4505934458208705
1.3079999999999667,2.455720406868418
1.3089999999999666,2.4608603082393574
1.3099999999999665,2.4660131671002152
1.3109999999999664,2.4711790008701215
1.3119999999999663,2.4763578272230298
1.3129999999999662,2.4815496640899397
1.313999999999966,2.4867545296611246
1.314999999999966,2.4919724423883616
1.3159999999999659,2.497203420987167
1.3169999999999658,2.502447484439035
1.3179999999999656,2.5077046519936785
1.3189999999999655,2.512974943171277
1.3199999999999654,2.5182583777647243
1.3209999999999653,2.5235549758418854
1.3219999999999652,2.5288647577478507
1.322999999999965,2.5341877441072
1.323999999999965,2.5395239558262652
1.3249999999999649,2.544873414095401
1.3259999999999648,2.5502361403912563
1.3269999999999647,2.5556121564790515
1.3279999999999645,2.561001484414858
1.3289999999999644,2.566404146547883
1.3299999999999643,2.5718201655227553
1.3309999999999642,2.5772495642818187
1.331999999999964,2.5826923660674264
1.332999999999964,2.58814859442424
1.3339999999999639,2.593618273201532
1.3349999999999638,2.5991014265554924
1.3359999999999637,2.6045980789515393
1.3369999999999636,2.6101082551666317
1.3379999999999634,2.615631980291589
1.3389999999999633,2.6211692797334103
1.3399999999999632,2.6267201792176014
1.340999999999963,2.632284704790503
1.341999999999963,2.6378628828216235
1.342999999999963,2.643454740005975
1.3439999999999628,2.649060303366414
1.3449999999999627,2.654679600255986
1.3459999999999626,2.660312658360272
1.3469999999999624,2.66595950569974
1.3479999999999623,2.671620170632102
1.3489999999999622,2.6772946818546717
1.3499999999999621,2.6829830684067266
1.350999999999962,2.6886853596718767
1.351999999999962,2.694401585380433
1.3529999999999618,2.700131775611783
1.3539999999999617,2.705875960796768
1.3549999999999616,2.711634171720066
1.3559999999999615,2.7174064395225743
1.3569999999999613,2.7231927957038033
1.3579999999999612,2.7289932721242667
1.3589999999999611,2.7348079010078794
1.359999999999961,2.740636714944359
1.360999999999961,2.7464797468916307
1.3619999999999608,2.752337030178235
1.3629999999999607,2.7582085985057407
1.3639999999999606,2.764094485951162
1.3649999999999605,2.7699947269693785
1.3659999999999604,2.7759093563955592
1.3669999999999602,2.7818384094475914
1.3679999999999601,2.7877819217285116
1.36899999999996,2.7937399292289427
1.36999999999996,2.799712468329534
1.3709999999999598,2.8056995758034042
1.3719999999999597,2.811701288818591
1.3729999999999596,2.817717644940502
1.3739999999999595,2.823748682134371
1.3749999999999594,2.8297944387677174
1.3759999999999593,2.8358549536128126
1.3769999999999591,2.841930265849145
1.377999999999959,2.8480204150658945
1.378999999999959,2.854125441264408
1.3799999999999588,2.8602453848606806
1.3809999999999587,2.866380286687839
1.3819999999999586,2.872530187998632
1.3829999999999585,2.8786951304679214
1.3839999999999584,2.884875156195181
1.3849999999999583,2.891070307706997
1.3859999999999582,2.8972806279595735
1.386999999999958,2.9035061603412435
1.387999999999958,2.9097469486749814
1.3889999999999578,2.9160030372209222
1.3899999999999577,2.9222744706788855
1.3909999999999576,2.9285612941909003
1.3919999999999575,2.934863553343738
1.3929999999999574,2.9411812941714484
1.3939999999999573,2.947514563157899
1.3949999999999572,2.953863407239321
1.395999999999957,2.960227873806858
1.396999999999957,2.9666080107091193
1.3979999999999568,2.9730038662547384
1.3989999999999567,2.979415489214937
1.3999999999999566,2.9858429288260906
1.4009999999999565,2.9922862347923016
1.4019999999999564,2.9987454572879764
1.4029999999999563,3.0052206469604057
1.4039999999999562,3.011711854932351
1.404999999999956,3.018219132804636
1.405999999999956,3.024742532658741
1.4069999999999558,3.0312821070594045
1.4079999999999557,3.037837909057228
1.4089999999999556,3.0444099921912855
1.4099999999999555,3.05099841049174
1.4109999999999554,3.0576032184824613
1.4119999999999553,3.0642244711836524
1.4129999999999552,3.0708622241144794
1.413999999999955,3.0775165332957064
1.414999999999955,3.0841874552523345
1.4159999999999549,3.0908750470162487
1.4169999999999547,3.0975793661288664
1.4179999999999546,3.1043004706437944
1.4189999999999545,3.1110384191294895
1.4199999999999544,3.117793270671924
1.4209999999999543,3.1245650848772564
1.4219999999999542,3.1313539218745103
1.422999999999954,3.138159842318255
1.423999999999954,3.144982907391293
1.4249999999999539,3.1518231788073536
1.4259999999999537,3.158680718813792
1.4269999999999536,3.165555590194292
1.4279999999999535,3.1724478562715777
1.4289999999999534,3.179357580910127
1.4299999999999533,3.186284828518895
1.4309999999999532,3.1932296640540394
1.431999999999953,3.2001921530216535
1.432999999999953,3.207172361480506
1.4339999999999529,3.214170356044784
1.4349999999999528,3.221186203886845
1.4359999999999526,3.2282199727399723
1.4369999999999525,3.2352717309011383
1.4379999999999524,3.2423415472337735
1.4389999999999523,3.249429491170541
1.4399999999999522,3.2565356327161163
1.440999999999952,3.263660042449979
1.441999999999952,3.270802791529201
1.4429999999999519,3.277963951691251
1.4439999999999518,3.285143595256799
1.4449999999999517,3.2923417951325304
1.4459999999999515,3.299558624813965
1.4469999999999514,3.3067941583882825
1.4479999999999513,3.3140484705371587
1.4489999999999512,3.321321636539602
1.449999999999951,3.3286137322748015
1.450999999999951,3.335924834224979
1.4519999999999509,3.343255019478252
1.4529999999999508,3.3506043657314977
1.4539999999999507,3.35797295129323
1.4549999999999506,3.3653608550864806
1.4559999999999504,3.3727681566516865
1.4569999999999503,3.3801949361495867
1.4579999999999502,3.3876412743641255
1.4589999999999501,3.3951072527053636
1.45999999999995,3.402592953212395
1.46099999999995,3.4100984585562744
1.4619999999999498,3.417623852042948
1.4629999999999497,3.425169217616198
1.4639999999999496,3.432734639860587
1.4649999999999495,3.440320204004418
1.4659999999999493,3.4479259959226973
1.4669999999999492,3.455552102140106
1.4679999999999491,3.4631986098339826
1.468999999999949,3.470865606837309
1.469999999999949,3.4785531816417095
1.4709999999999488,3.486261423400453
1.4719999999999487,3.4939904219314695
1.4729999999999486,3.501740267720369
1.4739999999999485,3.5095110519234733
1.4749999999999484,3.5173028663708545
1.4759999999999482,3.5251158035693817
1.4769999999999481,3.5329499567057785
1.477999999999948,3.540805419649687
1.478999999999948,3.548682286956743
1.4799999999999478,3.556580653871657
1.4809999999999477,3.5645006163313084
1.4819999999999476,3.5724422709678447
1.4829999999999475,3.5804057151117945
1.4839999999999474,3.5883910467951847
1.4849999999999473,3.596398364754672
1.4859999999999471,3.60442776843468
1.486999999999947,3.61247935799055
1.487999999999947,3.6205532342916964
1.4889999999999468,3.6286494989247764
1.4899999999999467,3.6367682541968684
1.4909999999999466,3.6449096031386583
1.4919999999999465,3.6530736495076392
1.4929999999999464,3.6612604977913183
1.4939999999999463,3.669470253210436
1.4949999999999461,3.6777030217221958
1.495999999999946,3.6859589100235013
1.496999999999946,3.6942380255542093
1.4979999999999458,3.702540476500388
1.4989999999999457,3.7108663717975903
1.4999999999999456,3.7192158211341346
1.5009999999999455,3.7275889349544
1.5019999999999454,3.735985824462129
1.5029999999999453,3.7444066016237456
1.5039999999999452,3.7528513791716804
1.504999999999945,3.7613202706077105
1.505999999999945,3.7698133902063082
1.5069999999999448,3.7783308530180046
1.5079999999999447,3.786872774872762
1.5089999999999446,3.79543927238336
1.5099999999999445,3.8040304629487918
1.5109999999999444,3.812646464757675
1.5119999999999443,3.8212873967916736
1.5129999999999442,3.8299533788289315
1.513999999999944,3.838644531447519
1.514999999999944,3.8473609760288916
1.5159999999999438,3.8561028347613644
1.5169999999999437,3.864870230643594
1.5179999999999436,3.8736632874880774
1.5189999999999435,3.882482129924664
1.5199999999999434,3.8913268834040773
1.5209999999999433,3.9001976742014537
1.5219999999999432,3.9090946294198936
1.522999999999943,3.918017876994025
1.523999999999943,3.926967545693581
1.5249999999999428,3.9359437651269937
1.5259999999999427,3.9449466657449994
1.5269999999999426,3.9539763788442572
1.5279999999999425,3.963033036570985
1.5289999999999424,3.972116771924608
1.5299999999999423,3.9812277187614202
1.5309999999999422,3.990366011798265
1.531999999999942,3.9995317866162248
1.532999999999942,4.0087251796643315
1.5339999999999419,4.017946328263287
1.5349999999999417,4.027195370609202
1.5359999999999416,4.036472445777349
1.5369999999999415,4.045777693725931
1.5379999999999414,4.055111255299865
1.5389999999999413,4.064473272234583
1.5399999999999412,4.073863887159849
1.540999999999941,4.0832832436035895
1.541999999999941,4.092731485995743
1.5429999999999409,4.1022087596721235
1.5439999999999408,4.1117152108783035
1.5449999999999406,4.121250986773511
1.5459999999999405,4.130816235434543
1.5469999999999404,4.140411105859703
1.5479999999999403,4.150035747972741
1.5489999999999402,4.15969031262683
1.54999999999994,4.16937495160854
1.55099999999994,4.179089817641849
1.5519999999999399,4.188835064392154
1.5529999999999398,4.198610846470315
1.5539999999999397,4.208417319436706
1.5549999999999395,4.218254639805291
1.5559999999999394,4.228122965047716
1.5569999999999393,4.238022453597418
1.5579999999999392,4.247953264853758
1.558999999999939,4.257915559186168
1.559999999999939,4.2679094979383185
1.5609999999999389,4.277935243432306
1.5619999999999388,4.28799295897286
1.5629999999999387,4.2980828088515715
1.5639999999999386,4.308204958351134
1.5649999999999384,4.318359573749617
1.5659999999999383,4.3285468223247445
1.5669999999999382,4.338766872358211
1.567999999999938,4.349019893140002
1.568999999999938,4.3593060549727465
1.569999999999938,4.3696255291760835
1.5709999999999378,4.379978488091055
1.5719999999999377,4.390365105084518
1.5729999999999376,4.400785554553577
1.5739999999999374,4.4112400119300395
1.5749999999999373,4.421728653684894
1.5759999999999372,4.432251657332807
1.5769999999999371,4.442809201436648
1.577999999999937,4.453401465612033
1.578999999999937,4.464028630531889
1.5799999999999368,4.474690877931046
1.5809999999999367,4.4853883906108525
1.5819999999999366,4.496121352443807
1.5829999999999365,4.506889948378221
1.5839999999999363,4.517694364442903
1.5849999999999362,4.528534787751865
1.5859999999999361,4.539411406509055
1.586999999999936,4.550324410013114
1.587999999999936,4.5612739886621565
1.5889999999999358,4.572260333958576
1.5899999999999357,4.583283638513877
1.5909999999999356,4.594344096053531
1.5919999999999355,4.605441901421856
1.5929999999999354,4.6165772505869285
1.5939999999999352,4.627750340645512
1.5949999999999351,4.63896136982802
1.595999999999935,4.650210537503501
1.596999999999935,4.66149804418465
1.5979999999999348,4.672824091532849
1.5989999999999347,4.684188882363236
1.5999999999999346,4.695592620649792
1.6009999999999345,4.7070355115304725
1.6019999999999344,4.718517761312349
1.6029999999999343,4.730039577476787
1.6039999999999341,4.7416011686846575
1.604999999999934,4.753202744781564
1.605999999999934,4.764844516803112
1.6069999999999338,4.776526696980198
1.6079999999999337,4.788249498744327
1.6089999999999336,4.800013136732972
1.6099999999999335,4.8118178267949485
1.6109999999999334,4.8236637859958265
1.6119999999999333,4.835551232623373
1.6129999999999332,4.8474803861930225
1.613999999999933,4.85945146745338
1.614999999999933,4.871464698391754
1.6159999999999328,4.883520302239722
1.6169999999999327,4.895618503478728
1.6179999999999326,4.907759527845707
1.6189999999999325,4.919943602338751
1.6199999999999324,4.9321709552228
1.6209999999999323,4.944441816035364
1.6219999999999322,4.956756415592289
1.622999999999932,4.969114985993542
1.623999999999932,4.981517760629043
1.6249999999999318,4.993964974184516
1.6259999999999317,5.0064568626473935
1.6269999999999316,5.018993663312734
1.6279999999999315,5.03157561478919
1.6289999999999314,5.044202957005007
1.6299999999999313,5.056875931214051
1.6309999999999312,5.069594780001882
1.631999999999931,5.0823597472918545
1.632999999999931,5.095171078351261
1.6339999999999308,5.108029019797507
1.6349999999999307,5.120933819604324
1.6359999999999306,5.133885727108023
1.6369999999999305,5.14688499301378
1.6379999999999304,5.159931869401963
1.6389999999999303,5.173026609734497
1.6399999999999302,5.186169468861262
1.64099999999993,5.19936070302654
1.64199999999993,5.2126005698754865
1.6429999999999298,5.225889328460659
1.6439999999999297,5.239227239248568
1.6449999999999296,5.252614564126279
1.6459999999999295,5.266051566408051
1.6469999999999294,5.2795385108420145
1.6479999999999293,5.293075663616893
1.6489999999999292,5.306663292368763
1.649999999999929,5.320301666187861
1.650999999999929,5.3339910556254235
1.6519999999999289,5.347731732700577
1.6529999999999287,5.3615239709072675
1.6539999999999286,5.375368045221233
1.6549999999999285,5.38926423210702
1.6559999999999284,5.4032128095250425
1.6569999999999283,5.417214056938688
1.6579999999999282,5.431268255321463
1.658999999999928,5.445375687164188
1.659999999999928,5.459536636482235
1.6609999999999279,5.473751388822809
1.6619999999999278,5.48802023127228
1.6629999999999276,5.502343452463559
1.6639999999999275,5.516721342583517
1.6649999999999274,5.5311541933804556
1.6659999999999273,5.545642298171624
1.6669999999999272,5.560185951850783
1.667999999999927,5.574785450895814
1.668999999999927,5.5894410933763865
1.6699999999999269,5.604153178961659
1.6709999999999268,5.6189220089280445
1.6719999999999267,5.633747886167016
1.6729999999999265,5.648631115192964
1.6739999999999264,5.663572002151107
1.6749999999999263,5.678570854825453
1.6759999999999262,5.693627982646804
1.676999999999926,5.708743696700827
1.677999999999926,5.723918309736161
1.6789999999999259,5.739152136172588
1.6799999999999258,5.754445492109254
1.6809999999999257,5.76979869533294
1.6819999999999256,5.785212065326389
1.6829999999999254,5.8006859232766885
1.6839999999999253,5.816220592083706
1.6849999999999252,5.83181639636858
1.6859999999999251,5.8474736624822645
1.686999999999925,5.863192718514134
1.687999999999925,5.87897389430064
1.6889999999999248,5.894817521434027
1.6899999999999247,5.910723933271106
1.6909999999999246,5.92669346494208
1.6919999999999245,5.942726453359439
1.6929999999999243,5.9588232372269045
1.6939999999999242,5.974984157048432
1.6949999999999241,5.991209555137281
1.695999999999924,6.007499775625136
1.696999999999924,6.023855164471298
1.6979999999999238,6.040276069471926
1.6989999999999237,6.056762840269348
1.6999999999999236,6.07331582836143
1.7009999999999235,6.089935387111009
1.7019999999999234,6.106621871755386
1.7029999999999232,6.123375639415888
1.7039999999999231,6.140197049107487
1.704999999999923,6.15708646174849
1.705999999999923,6.1740442401702875
1.7069999999999228,6.191070749127172
1.7079999999999227,6.2081663553062185
1.7089999999999226,6.225331427337236
1.7099999999999225,6.242566335802783
1.7109999999999224,6.259871453248247
1.7119999999999223,6.2772471541920005
1.7129999999999221,6.294693815135616
1.713999999999922,6.312211814574159
1.714999999999922,6.329801533006539
1.7159999999999218,6.3474633529459465
1.7169999999999217,6.3651976589303425
1.7179999999999216,6.383004837533034
1.7189999999999215,6.40088527737331
1.7199999999999214,6.418839369127161
1.7209999999999213,6.436867505538059
1.7219999999999211,6.4549700814278195
1.722999999999921,6.473147493707536
1.723999999999921,6.491400141388584
1.7249999999999208,6.509728425593707
1.7259999999999207,6.528132749568171
1.7269999999999206,6.546613518691004
1.7279999999999205,6.5651711404863
1.7289999999999204,6.583806024634615
1.7299999999999203,6.602518582984428
1.7309999999999202,6.621309229563686
1.73199999999992,6.640178380591431
1.73299999999992,6.6591264544895
1.7339999999999198,6.678153871894311
1.7349999999999197,6.697261055668729
1.7359999999999196,6.716448430914009
1.7369999999999195,6.735716424981826
1.7379999999999194,6.755065467486386
1.7389999999999193,6.774495990316623
1.7399999999999192,6.794008427648476
1.740999999999919,6.81360321595725
1.741999999999919,6.83328079403007
1.7429999999999188,6.853041602978412
1.7439999999999187,6.872886086250726
1.7449999999999186,6.892814689645144
1.7459999999999185,6.912827861322277
1.7469999999999184,6.9329260518181
1.7479999999999183,6.953109714056929
1.7489999999999182,6.973379303364481
1.749999999999918,6.993735277481032
1.750999999999918,7.014178096574666
1.7519999999999178,7.034708223254609
1.7529999999999177,7.0553261225846615
1.7539999999999176,7.076032262096726
1.7549999999999175,7.096827111804423
1.7559999999999174,7.1177111442168055
1.7569999999999173,7.138684834352168
1.7579999999999172,7.159748659751955
1.758999999999917,7.180903100494758
1.759999999999917,7.20214863921042
1.7609999999999169,7.223485761094233
1.7619999999999167,7.244914953921237
1.7629999999999166,7.266436708060615
1.7639999999999165,7.288051516490195
1.7649999999999164,7.309759874811048
1.7659999999999163,7.331562281262191
1.7669999999999162,7.353459236735392
1.767999999999916,7.375451244790079
1.768999999999916,7.397538811668355
1.7699999999999159,7.4197224463101135
1.7709999999999158,7.442002660368269
1.7719999999999156,7.464379968224084
1.7729999999999155,7.486854887002611
1.7739999999999154,7.5094279365882395
1.7749999999999153,7.5320996396403554
1.7759999999999152,7.554870521609107
1.776999999999915,7.577741110751286
1.777999999999915,7.600711938146315
1.7789999999999149,7.623783537712352
1.7799999999999148,7.646956446222509
1.7809999999999147,7.67023120332118
1.7819999999999145,7.6936083515404885
1.7829999999999144,7.7170884363168515
1.7839999999999143,7.740672006007656
1.7849999999999142,7.7643596119080565
1.785999999999914,7.7881518082678935
1.786999999999914,7.812049152308726
1.7879999999999139,7.836052204240987
1.7889999999999138,7.860161527281265
1.7899999999999137,7.884377687669695
1.7909999999999136,7.908701254687492
1.7919999999999134,7.933132800674589
1.7929999999999133,7.957672901047412
1.7939999999999132,7.982322134316779
1.794999999999913,8.007081082105922
1.795999999999913,8.03195032916864
1.796999999999913,8.056930463407582
1.7979999999999128,8.082022075892658
1.7989999999999127,8.10722576087958
1.7999999999999126,8.132542115828532
1.8009999999999124,8.157971741422982
1.8019999999999123,8.18351524158862
1.8029999999999122,8.20917322351243
1.8039999999999121,8.234946297661905
1.804999999999912,8.260835077804387
1.805999999999912,8.28684018102656
1.8069999999999118,8.312962227754067
1.8079999999999117,8.339201841771272
1.8089999999999116,8.365559650241172
1.8099999999999115,8.392036283725437
1.8109999999999113,8.418632376204595
1.8119999999999112,8.445348565098374
1.8129999999999111,8.472185491286174
1.813999999999911,8.49914379912769
1.814999999999911,8.526224136483684
1.8159999999999108,8.553427154736907
1.8169999999999107,8.580753508813165
1.8179999999999106,8.60820385720254
1.8189999999999105,8.635778861980757
1.8199999999999104,8.663479188830713
1.8209999999999102,8.691305507064152
1.8219999999999101,8.719258489643495
1.82299999999991,8.747338813203836
1.82399999999991,8.77554715807508
1.8249999999999098,8.803884208304252
1.8259999999999097,8.832350651677963
1.8269999999999096,8.860947179745033
1.8279999999999095,8.889674487839276
1.8289999999999094,8.918533275102456
1.8299999999999093,8.9475242445074
1.8309999999999091,8.976648102881278
1.831999999999909,9.00590556092905
1.832999999999909,9.035297333257086
1.8339999999999088,9.06482413839695
1.8349999999999087,9.094486698829357
1.8359999999999086,9.124285741008297
1.8369999999999085,9.154221995385344
1.8379999999999084,9.184296196434124
1.8389999999999083,9.214509082674976
1.8399999999999082,9.244861396699775
1.840999999999908,9.275353885196942
1.841999999999908,9.30598729897663
1.8429999999999078,9.336762392996095
1.8439999999999077,9.367679926385247
1.8449999999999076,9.398740662472383
1.8459999999999075,9.429945368810108
1.8469999999999074,9.461294817201447
1.8479999999999073,9.49278978372613
1.8489999999999072,9.524431048767086
1.849999999999907,9.556219397037113
1.850999999999907,9.588155617605747
1.8519999999999068,9.62024050392632
1.8529999999999067,9.652474853863223
1.8539999999999066,9.684859469719354
1.8549999999999065,9.717395158263766
1.8559999999999064,9.750082730759523
1.8569999999999063,9.782923002991748
1.8579999999999062,9.815916795295877
1.858999999999906,9.849064932586119
1.859999999999906,9.882368244384114
1.8609999999999058,9.91582756484781
1.8619999999999057,9.949443732800534
1.8629999999999056,9.983217591760289
1.8639999999999055,10.01714998996925
1.8649999999999054,10.051241780423476
1.8659999999999053,10.085493820902844
1.8669999999999052,10.119906974001191
1.867999999999905,10.154482107156676
1.868999999999905,10.189220092682367
1.8699999999999048,10.224121807797042
1.8709999999999047,10.259188134656219
1.8719999999999046,10.294419960383406
1.8729999999999045,10.329818177101581
1.8739999999999044,10.365383681964895
1.8749999999999043,10.401117377190612
1.8759999999999042,10.437020170091277
1.876999999999904,10.473092973107113
1.877999999999904,10.50933670383866
1.8789999999999039,10.545752285079645
1.8799999999999037,10.582340644850097
1.8809999999999036,10.619102716429694
1.8819999999999035,10.656039438391357
1.8829999999999034,10.693151754635085
1.8839999999999033,10.730440614422047
1.8849999999999032,10.767906972408898
1.885999999999903,10.805551788682372
1.886999999999903,10.843376028794102
1.8879999999999029,10.88138066379571
1.8889999999999028,10.919566670274145
1.8899999999999026,10.957935030387278
1.8909999999999025,10.996486731899756
1.8919999999999024,11.03522276821912
1.8929999999999023,11.074144138432178
1.8939999999999022,11.113251847341656
1.894999999999902,11.1525469055031
1.895999999999902,11.192030329262053
1.8969999999999019,11.231703140791515
1.8979999999999018,11.271566368129653
1.8989999999999017,11.311621045217803
1.8999999999999015,11.351868211938742
1.9009999999999014,11.39230891415524
1.9019999999999013,11.432944203748898
1.9029999999999012,11.473775138659253
1.903999999999901,11.51480278292319
1.904999999999901,11.55602820671463
1.9059999999999009,11.597452486384507
1.9069999999999008,11.639076704501031
1.9079999999999007,11.680901949890266
1.9089999999999006,11.722929317676982
1.9099999999999004,11.765159909325815
1.9109999999999003,11.807594832682728
1.9119999999999002,11.850235202016773
1.9129999999999001,11.893082138062157
1.9139999999999,11.936136768060619
1.9149999999999,11.979400225804115
1.9159999999998998,12.022873651677815
1.9169999999998997,12.066558192703411
1.9179999999998996,12.110455002582752
1.9189999999998995,12.154565241741787
1.9199999999998993,12.198890077374838
1.9209999999998992,12.243430683489187
1.9219999999998991,12.288188240950003
1.922999999999899,12.333163937525589
1.923999999999899,12.378358967932959
1.9249999999998988,12.42377453388376
1.9259999999998987,12.469411844130518
1.9269999999998986,12.515272114513227
1.9279999999998985,12.561356568006286
1.9289999999998984,12.60766643476577
1.9299999999998982,12.654202952177059
1.9309999999998981,12.700967364902803
1.931999999999898,12.747960924931258
1.932999999999898,12.79518489162495
1.9339999999998978,12.84264053176973
1.9349999999998977,12.890329119624155
1.9359999999998976,12.938251936969259
1.9369999999998975,12.986410273158674
1.9379999999998974,13.034805425169127
1.9389999999998973,13.083438697651305
1.9399999999998971,13.132311402981095
1.940999999999897,13.1814248613112
1.941999999999897,13.230780400623134
1.9429999999998968,13.280379356779608
1.9439999999998967,13.33022307357729
1.9449999999998966,13.38031290279996
1.9459999999998965,13.43065020427205
1.9469999999998964,13.481236345912595
1.9479999999998963,13.532072703789563
1.9489999999998961,13.583160662174588
1.949999999999896,13.634501613598125
1.950999999999896,13.686096958904988
1.9519999999998958,13.73794810731031
1.9529999999998957,13.790056476455911
1.9539999999998956,13.842423492467095
1.9549999999998955,13.895050590009847
1.9559999999998954,13.947939212348462
1.9569999999998953,14.001090811403609
1.9579999999998952,14.054506847810803
1.958999999999895,14.108188790979327
1.959999999999895,14.162138119151582
1.9609999999998948,14.216356319462877
1.9619999999998947,14.270844888001665
1.9629999999998946,14.325605329870216
1.9639999999998945,14.380639159245748
1.9649999999998944,14.435947899442002
1.9659999999998943,14.491533082971289
1.9669999999998942,14.547396251606973
1.967999999999894,14.603538956446435
1.968999999999894,14.659962757974501
1.9699999999998938,14.716669226127332
1.9709999999998937,14.773659940356795
1.9719999999998936,14.830936489695313
1.9729999999998935,14.888500472821189
1.9739999999998934,14.946353498124418
1.9749999999998933,15.004497183772992
1.9759999999998932,15.062933157779693
1.976999999999893,15.121663058069377
1.977999999999893,15.180688532546773
1.9789999999998928,15.240011239164769
1.9799999999998927,15.29963284599322
1.9809999999998926,15.359555031288252
1.9819999999998925,15.419779483562102
1.9829999999998924,15.480307901653457
1.9839999999998923,15.54114199479833
1.9849999999998922,15.60228348270146
1.985999999999892,15.663734095608238
1.986999999999892,15.725495574377186
1.9879999999998919,15.787569670552951
1.9889999999998917,15.849958146439867
1.9899999999998916,15.912662775176047
1.9909999999998915,15.97568534080804
1.9919999999998914,16.03902763836604
1.9929999999998913,16.102691473939657
1.9939999999998912,16.166678664754258
1.994999999999891,16.23099103924786
1.995999999999891,16.29563043714863
1.9969999999998909,16.36059870955293
1.9979999999998908,16.42589771900397
1.9989999999998906,16.491529339571034
1.9999999999998905,16.55749545692931
